record_id,drug_a_name,drug_b_name,drug_a_rxcui,drug_b_rxcui,condition_name,condition_id,severity,prr,frequency,source
TS-00000001,aspirin,ibuprofen,1191,5640,gastrointestinal hemorrhage,10017955,Major,12.4,0.0421,TWOSIDES
TS-00000002,aspirin,warfarin,1191,11289,hemorrhage,10019016,Major,18.7,0.0612,TWOSIDES
TS-00000003,aspirin,omeprazole,1191,7646,reduced antiplatelet effect,10036807,Moderate,4.8,0.0123,TWOSIDES
TS-00000004,aspirin,sertraline,1191,36437,gastrointestinal bleeding,10017947,Moderate,6.2,0.0289,TWOSIDES
TS-00000005,aspirin,clopidogrel,1191,32968,bleeding,10005103,Moderate,5.1,0.0334,TWOSIDES
TS-00000006,lisinopril,spironolactone,29046,9997,hyperkalemia,10020646,Major,14.2,0.0551,TWOSIDES
TS-00000007,lisinopril,ibuprofen,29046,5640,acute kidney injury,10069339,Moderate,5.9,0.0198,TWOSIDES
TS-00000008,lisinopril,spironolactone,29046,9997,renal failure,10038435,Moderate,7.8,0.0221,TWOSIDES
TS-00000009,warfarin,ibuprofen,11289,5640,hemorrhage,10019016,Major,15.6,0.0489,TWOSIDES
TS-00000010,warfarin,amiodarone,11289,703,prolonged prothrombin time,10037016,Major,11.2,0.0401,TWOSIDES
TS-00000011,warfarin,amiodarone,11289,703,bleeding,10005103,Major,13.8,0.0512,TWOSIDES
TS-00000012,warfarin,trimethoprim,11289,10829,international normalised ratio increased,10022604,Major,10.3,0.0312,TWOSIDES
TS-00000013,warfarin,sertraline,11289,36437,bleeding risk,10005103,Moderate,4.2,0.0156,TWOSIDES
TS-00000014,amiodarone,digoxin,703,3407,digoxin toxicity,10013109,Major,22.1,0.0789,TWOSIDES
TS-00000015,amiodarone,simvastatin,703,36567,rhabdomyolysis,10039020,Major,16.4,0.0623,TWOSIDES
TS-00000016,amiodarone,ciprofloxacin,703,2551,QT prolongation,10014695,Major,11.8,0.0445,TWOSIDES
TS-00000017,clopidogrel,omeprazole,32968,7646,reduced antiplatelet effect,10036807,Moderate,7.2,0.0198,TWOSIDES
TS-00000018,sertraline,phenelzine,36437,8123,serotonin syndrome,10040108,Major,45.8,0.1123,TWOSIDES
TS-00000019,sertraline,ibuprofen,36437,5640,gastrointestinal bleeding,10017947,Moderate,4.6,0.0187,TWOSIDES
TS-00000020,sertraline,tramadol,36437,10689,serotonin syndrome,10040108,Major,14.2,0.0521,TWOSIDES
TS-00000021,simvastatin,clarithromycin,36567,21212,rhabdomyolysis,10039020,Major,19.7,0.0712,TWOSIDES
TS-00000022,simvastatin,ritonavir,36567,85762,rhabdomyolysis,10039020,Major,24.5,0.0891,TWOSIDES
TS-00000023,atorvastatin,gemfibrozil,83367,4719,myopathy,10028641,Moderate,7.8,0.0289,TWOSIDES
TS-00000024,alprazolam,oxycodone,596,7804,respiratory depression,10038687,Major,13.4,0.0498,TWOSIDES
TS-00000025,tramadol,fluoxetine,10689,4493,serotonin syndrome,10040108,Major,12.8,0.0467,TWOSIDES
TS-00000026,tramadol,sertraline,10689,36437,serotonin syndrome,10040108,Major,11.9,0.0423,TWOSIDES
TS-00000027,digoxin,furosemide,3407,4603,hypokalemia-induced toxicity,10021016,Moderate,6.4,0.0234,TWOSIDES
TS-00000028,methotrexate,ibuprofen,6851,5640,methotrexate toxicity,10027315,Major,10.8,0.0401,TWOSIDES
TS-00000029,methotrexate,omeprazole,6851,7646,delayed methotrexate elimination,10015958,Moderate,5.3,0.0189,TWOSIDES
TS-00000030,theophylline,ciprofloxacin,10466,2551,theophylline toxicity,10043530,Major,15.1,0.0567,TWOSIDES
TS-00000031,lithium,hydrochlorothiazide,42351,5487,lithium toxicity,10024582,Major,16.8,0.0634,TWOSIDES
TS-00000032,insulin,metoprolol,5856,6918,masked hypoglycemia,10021005,Moderate,4.9,0.0156,TWOSIDES
TS-00000033,azithromycin,sotalol,18631,37798,QT prolongation,10014695,Major,11.4,0.0412,TWOSIDES
TS-00000034,ciprofloxacin,calcium carbonate,2551,1897,reduced ciprofloxacin absorption,10061103,Moderate,4.2,0.0143,TWOSIDES
TS-00000035,rifampin,ethinyl estradiol,9384,4124,contraceptive failure,10010808,Major,13.7,0.0489,TWOSIDES
TS-00000036,tamoxifen,paroxetine,10324,32937,reduced tamoxifen efficacy,10022677,Moderate,6.8,0.0234,TWOSIDES
TS-00000037,metoprolol,verapamil,6918,11170,bradycardia,10006093,Major,9.8,0.0367,TWOSIDES
TS-00000038,albuterol,propranolol,435,8787,bronchospasm,10006482,Moderate,5.4,0.0198,TWOSIDES
TS-00000039,aspirin,warfarin,1191,11289,gastrointestinal bleeding,10017947,Major,16.2,0.0589,TWOSIDES
TS-00000040,sertraline,warfarin,36437,11289,international normalised ratio increased,10022604,Moderate,5.1,0.0176,TWOSIDES
TS-00000041,omeprazole,clopidogrel,7646,32968,reduced antiplatelet response,10036807,Moderate,6.9,0.0187,TWOSIDES
TS-00000042,amlodipine,simvastatin,17767,36567,increased simvastatin levels,10062000,Minor,3.2,0.0098,TWOSIDES
TS-00000043,atorvastatin,clarithromycin,83367,21212,myopathy,10028641,Moderate,7.1,0.0245,TWOSIDES
TS-00000044,metformin,furosemide,6809,4603,reduced renal clearance,10038430,Minor,2.8,0.0089,TWOSIDES
TS-00000045,levothyroxine,omeprazole,10582,7646,reduced levothyroxine absorption,10022097,Minor,3.1,0.0091,TWOSIDES
TS-00000046,metformin,lisinopril,6809,29046,hypoglycemia risk,10020993,Minor,2.4,0.0067,TWOSIDES
TS-00000047,gabapentin,oxycodone,25480,7804,CNS depression,10008028,Moderate,5.6,0.0189,TWOSIDES
TS-00000048,duloxetine,tramadol,72625,10689,serotonin syndrome,10040108,Major,10.2,0.0378,TWOSIDES
TS-00000049,ferrous sulfate,levothyroxine,4490,10582,reduced levothyroxine absorption,10022097,Moderate,4.3,0.0134,TWOSIDES
TS-00000050,aspirin,spironolactone,1191,9997,reduced diuretic efficacy,10036807,Minor,2.6,0.0078,TWOSIDES
